category,key_hazards,OTR_requirement,WVTR_requirement,light_barrier_needed,gas_strategy,preferred_material_ids,avoid_material_ids,notes
dry_staple,"moisture uptake, insects, caking",low,medium-high,N,none,M02;M03;M04;M19,M14;M13;M16,"flour, rice, dal, sugar"
spice_beverage,"aroma loss, colour fading, moisture, oxidation",high,high,Y,N2 optional,M11;M12;M10;M19,M01;M14;M16,
nuts_high_fat,"rancidity, moisture uptake",high,high,Y,N2 flush,M10;M11;M12,M01;M14;M16;M13,
snack_fried,"rancidity, loss of crispness, breakage",high,high,Y,N2 flush,M10;M11;M08,M01;M02;M16,air cushion protects from breakage
bakery_dry,"loss of crispness, rancidity",medium-high,high,N,none or N2,M03;M10;M08;M15,M14;M16,
dairy_dry,"caking, fat oxidation, off-flavour",high,high,Y,N2 flush,M12;M11;M10,M01;M02;M14,
fat_oil,rancidity (light + O2),high,medium,Y,none,M02;M09;M12;M11,M01;M13,use opaque containers
dairy_chilled,"microbial spoilage, light-induced oxidation",medium,medium,Y,none / vacuum / CO2,M01;M02;M20;M19;M09,M16,milk pouches are opaque; cheese/paneer use M20
bakery_fresh,"mould, staling, drying",medium,medium,N,CO2 MAP optional,M01;M03;M19;M04,M12,
eggs,"moisture loss, breakage",low,medium,N,none,M16;M01,M12,paperboard cartons/trays
meat_fish_chilled,"microbial spoilage, colour, oxidation, drip",high,medium,N,MAP / vacuum,M20;M09;M19,M01;M02;M14,keep OTR <=100 (<=50 for fish)
frozen,"freezer burn, oxidation, brittle films",medium-high,high,N,vacuum,M20;M02;M19;M01,M04;M10;M13,films must stay flexible at -18C
fresh_produce_fruit,"respiration, ripening, ethylene, weight loss",breathable (tuned to RR),medium,N,passive MAP,M01;M18;M17;M14;M13,M12;M11;M09;M08,design OTR from respiration rate
fresh_produce_veg,"respiration, condensation, yellowing",breathable (tuned to RR),medium,N,passive MAP,M18;M01;M17,M12;M11;M09,add anti-fog for high RH
fresh_produce_leafy,"very high respiration, wilting, anaerobic risk","breathable, micro-perforated",medium,N,EMAP micro-perforated,M18;M17,high-barrier films,anaerobic risk if OTR too low
fresh_produce_root_bulb,"sprouting, rot, need for ventilation",ventilated / breathable,low,Y (potato),ventilated,M18;M17;M16,unperforated films,mesh / perforated bags
